Database,Keyword,Seed keyword,Page,Topic,Page type,Tags,Volume,Keyword Difficulty,CPC (USD),Competitive Density,Number of Results,Intent,SERP Features,Trend,Click potential,Content references,Competitors
us,abaya,hijab styles,abaya,,,,33100,34,0.62,1.00,110000000,Commercial,"Related Searches, Site Links, Video, Image, People Also Ask, Popular Products","0.24,0.30,0.24,0.24,0.24,0.24,0.24,0.45,0.82,0.30,0.36,0.24",20,"""veiled.com"":""https://veiled.com/collections/abayas""
""us.aabcollection.com"":""https://us.aabcollection.com/collections/abayas""
""abayabuth.com"":""https://abayabuth.com/en-us""
""velascarves.com"":""https://velascarves.com/collections/abayas""
""niswafashion.com"":""https://www.niswafashion.com/collections/abaya""
""en.wikipedia.org"":""https://en.wikipedia.org/wiki/Abaya""
""modern-abayati.com"":""https://modern-abayati.com/""
""amazon.com"":""https://www.amazon.com/abaya/s?k=abaya""
""lameeramoda.com"":""https://lameeramoda.com/""
""abayaya.com"":""https://www.abayaya.com/collections/abaya""","""veiled.com"":""https://veiled.com/collections/abayas""
""modern-abayati.com"":""https://modern-abayati.com/""
""en.wikipedia.org"":""https://en.wikipedia.org/wiki/Abaya""
""amazon.com"":""https://www.amazon.com/stores/IDOPIP/page/73A6A213-CEA2-4EC6-A2B6-769AB88FED7A""
""us.aabcollection.com"":""https://us.aabcollection.com/collections/abayas""
""hawaaclothing.com"":""https://www.hawaaclothing.com/""
""abayabuth.com"":""https://abayabuth.com/en-us""
""lameeramoda.com"":""https://lameeramoda.com/""
""velascarves.com"":""https://velascarves.com/collections/abayas""
""urbanmodesty.com"":""https://urbanmodesty.com/collections/abayas"""
us,abaya dress,,abaya,,,,5400,25,0.42,1.00,73000000,"Informational, Transactional","Video, Image, Popular Products, Related Searches, Image Pack, Site Links","0.16,0.19,0.24,0.19,0.13,0.16,0.13,0.19,0.36,0.19,0.19,0.16",20,"""veiled.com"":""https://veiled.com/collections/abayas""
""us.aabcollection.com"":""https://us.aabcollection.com/collections/abayas""
""abayabuth.com"":""https://abayabuth.com/en-us""
""velascarves.com"":""https://velascarves.com/collections/abayas""
""niswafashion.com"":""https://www.niswafashion.com/collections/abaya""
""en.wikipedia.org"":""https://en.wikipedia.org/wiki/Abaya""
""modern-abayati.com"":""https://modern-abayati.com/""
""amazon.com"":""https://www.amazon.com/abaya/s?k=abaya""
""lameeramoda.com"":""https://lameeramoda.com/""
""abayaya.com"":""https://www.abayaya.com/collections/abaya""","""veiled.com"":""https://veiled.com/collections/abayas""
""amazon.com"":""https://www.amazon.com/abaya/s?k=abaya""
""niswafashion.com"":""https://www.niswafashion.com/collections/abaya""
""abayabuth.com"":""https://abayabuth.com/en-us""
""us.aabcollection.com"":""https://us.aabcollection.com/collections/abayas""
""maximcreation.com"":""https://www.maximcreation.com/collections/best-abaya-collection""
""lameeramoda.com"":""https://lameeramoda.com/""
""velascarves.com"":""https://velascarves.com/collections/abayas""
""abayaya.com"":""https://www.abayaya.com/collections/abaya""
""pinterest.com"":""https://www.pinterest.com/shahymohamed/abaya-dress/"""
us,abaya for women,,abaya,,,,5400,20,0.49,1.00,79300000,Commercial,"Popular Products, Related Searches, Image Pack, Site Links, Video, Image","0.19,0.19,0.19,0.19,0.19,0.24,0.29,0.44,1.00,0.29,0.29,0.24",20,"""veiled.com"":""https://veiled.com/collections/abayas""
""us.aabcollection.com"":""https://us.aabcollection.com/collections/abayas""
""abayabuth.com"":""https://abayabuth.com/en-us""
""velascarves.com"":""https://velascarves.com/collections/abayas""
""niswafashion.com"":""https://www.niswafashion.com/collections/abaya""
""en.wikipedia.org"":""https://en.wikipedia.org/wiki/Abaya""
""modern-abayati.com"":""https://modern-abayati.com/""
""amazon.com"":""https://www.amazon.com/abaya/s?k=abaya""
""lameeramoda.com"":""https://lameeramoda.com/""
""abayaya.com"":""https://www.abayaya.com/collections/abaya""","""niswafashion.com"":""https://www.niswafashion.com/collections/abaya""
""us.aabcollection.com"":""https://us.aabcollection.com/collections/abayas""
""modern-abayati.com"":""https://modern-abayati.com/""
""amazon.com"":""https://www.amazon.com/abaya/s?k=abaya""
""veiled.com"":""https://veiled.com/collections/abayas""
""abayabuth.com"":""https://abayabuth.com/en-us""
""abayaya.com"":""https://www.abayaya.com/collections/abaya""
""urbanmodesty.com"":""https://urbanmodesty.com/""
""quora.com"":""https://www.quora.com/What-is-an-Abaya-for-women""
""mymodefa.com"":""https://www.mymodefa.com/collections/abayas"""
us,abaya in black,,abaya,,,,1300,3,0.52,1.00,82000000,Transactional,"Image Pack, Video, Image, Popular Products, Related Searches, Explore Brands","0.24,0.18,0.10,0.16,0.05,0.16,0.00,0.35,1.00,0.29,0.24,0.29",90,"""veiled.com"":""https://veiled.com/collections/abayas""
""us.aabcollection.com"":""https://us.aabcollection.com/collections/abayas""
""abayabuth.com"":""https://abayabuth.com/en-us""
""velascarves.com"":""https://velascarves.com/collections/abayas""
""niswafashion.com"":""https://www.niswafashion.com/collections/abaya""
""en.wikipedia.org"":""https://en.wikipedia.org/wiki/Abaya""
""modern-abayati.com"":""https://modern-abayati.com/""
""amazon.com"":""https://www.amazon.com/abaya/s?k=abaya""
""lameeramoda.com"":""https://lameeramoda.com/""
""abayaya.com"":""https://www.abayaya.com/collections/abaya""","""veiled.com"":""https://veiled.com/collections/abayas""
""shamswear.com"":""https://www.shamswear.com/collections/classic-black""
""us.aabcollection.com"":""https://us.aabcollection.com/collections/black-abayas""
""velascarves.com"":""https://velascarves.com/collections/abayas""
""abayabuth.com"":""https://abayabuth.com/en-us/collections/black-abayas""
""aaliyacollections.com"":""https://www.aaliyacollections.com/en-us/collections/classic-black-abayas""
""theeleganceofblack.com"":""https://www.theeleganceofblack.com/collections/abayas""
""amazon.com"":""https://www.amazon.com/black-abaya/s?k=black+abaya""
""pinterest.com"":""https://www.pinterest.com/alshamsapparel/classic-black-abayas/""
""hawaaclothing.com"":""https://www.hawaaclothing.com/collections/black-abaya"""
us,hijab styles,hijab styles,hijab styles,,,,3600,34,0.38,0.73,35500000,Informational,"Image Pack, Video, Featured Snippet, Image, Popular Products, Related Searches","0.66,0.66,0.66,0.66,0.53,0.53,1.00,0.66,0.81,0.53,0.66,0.81",80,"""veiled.com"":""https://veiled.com/""
""youtube.com"":""https://www.youtube.com/watch?v=m1_TIvI3oEA""
""hautehijab.com"":""https://www.hautehijab.com/pages/hijab-style-guide""
""mersicosmetics.com"":""https://mersicosmetics.com/blogs/blog/10-hijab-styles-for-different-occasions""
""alhannah.com"":""https://www.alhannah.com/product-category/womens-islamic-clothing/burka-niqab/""
""amazon.com"":""https://www.amazon.com/burka-women/s?k=burka+for+women""
""zahraathelabel.com"":""https://www.zahraathelabel.com/""
""en.wikipedia.org"":""https://en.wikipedia.org/wiki/Burqa""
""in.pinterest.com"":""https://in.pinterest.com/pin/hijab-tutorial-video--826621706634887120/""
""niswafashion.com"":""https://www.niswafashion.com/""","""youtube.com"":""https://www.youtube.com/watch?v=m1_TIvI3oEA""
""hautehijab.com"":""https://www.hautehijab.com/pages/hijab-style-guide""
""pinterest.com"":""https://www.pinterest.com/khan_girl_726/hijab-styles/""
""veiled.com"":""https://veiled.com/""
""worldhijabday.com"":""https://worldhijabday.com/10-breathable-hijab-styles-to-try/""
""youtube.com"":""https://www.youtube.com/playlist?list=PLDXXBRY3rDj3qt-YFI1KhYeUJVXgJjk2j""
""instagram.com"":""https://www.instagram.com/hijab_modstyle/?hl=en""
""youtube.com"":""https://www.youtube.com/watch?v=gf7KOL7Tiqc&pp=ygUMI2FmZ2hhbnN0YXls""
""mersicosmetics.com"":""https://mersicosmetics.com/blogs/blog/10-hijab-styles-for-different-occasions""
""quora.com"":""https://www.quora.com/Which-one-is-your-favorite-hijab-style"""
us,dress and hijab,hijab styles,hijab styles,,,,480,47,0.67,1.00,187000000,Commercial,"Image Pack, Video, Image, People Also Ask, Popular Products, Related Searches, Discussions And Forums","0.00,0.00,0.36,0.10,0.24,0.55,0.00,0.81,1.00,0.08,0.10,0.20",90,"""veiled.com"":""https://veiled.com/""
""youtube.com"":""https://www.youtube.com/watch?v=m1_TIvI3oEA""
""hautehijab.com"":""https://www.hautehijab.com/pages/hijab-style-guide""
""mersicosmetics.com"":""https://mersicosmetics.com/blogs/blog/10-hijab-styles-for-different-occasions""
""alhannah.com"":""https://www.alhannah.com/product-category/womens-islamic-clothing/burka-niqab/""
""amazon.com"":""https://www.amazon.com/burka-women/s?k=burka+for+women""
""zahraathelabel.com"":""https://www.zahraathelabel.com/""
""en.wikipedia.org"":""https://en.wikipedia.org/wiki/Burqa""
""in.pinterest.com"":""https://in.pinterest.com/pin/hijab-tutorial-video--826621706634887120/""
""niswafashion.com"":""https://www.niswafashion.com/""","""veiled.com"":""https://veiled.com/""
""zahraathelabel.com"":""https://www.zahraathelabel.com/""
""niswafashion.com"":""https://www.niswafashion.com/""
""amazon.com"":""https://www.amazon.com/abaya-hijab/s?k=abaya+with+hijab""
""modanisa.com"":""https://www.modanisa.com/en/""
""pinterest.com"":""https://www.pinterest.com/lolosalem555/hijab-dresses/""
""modernhijabi.com"":""https://www.modernhijabi.com/collections/dresses""
""modazehrada.com"":""https://modazehrada.com/en-us/collections/ozel-tasarim-tesettur-abiye""
""demurehijabs.com"":""https://demurehijabs.com/collections/dresses""
""modazehrada.com"":""https://modazehrada.com/en-us"""
us,burka clothing,,hijab styles,,,,4400,59,0.41,0.17,79,"Informational, Transactional","Related Searches, Knowledge Panel, Site Links, Video, Popular Products","0.24,0.07,0.19,1.00,0.36,0.08,0.54,0.10,0.04,0.08,0.16,0.16",20,"""veiled.com"":""https://veiled.com/""
""youtube.com"":""https://www.youtube.com/watch?v=m1_TIvI3oEA""
""hautehijab.com"":""https://www.hautehijab.com/pages/hijab-style-guide""
""mersicosmetics.com"":""https://mersicosmetics.com/blogs/blog/10-hijab-styles-for-different-occasions""
""alhannah.com"":""https://www.alhannah.com/product-category/womens-islamic-clothing/burka-niqab/""
""amazon.com"":""https://www.amazon.com/burka-women/s?k=burka+for+women""
""zahraathelabel.com"":""https://www.zahraathelabel.com/""
""en.wikipedia.org"":""https://en.wikipedia.org/wiki/Burqa""
""in.pinterest.com"":""https://in.pinterest.com/pin/hijab-tutorial-video--826621706634887120/""
""niswafashion.com"":""https://www.niswafashion.com/""","""alhannah.com"":""https://www.alhannah.com/product-category/womens-islamic-clothing/burka-niqab/""
""amazon.com"":""https://www.amazon.com/burka-women/s?k=burka+for+women""
""en.wikipedia.org"":""https://en.wikipedia.org/wiki/Burqa""
""veiled.com"":""https://veiled.com/""
""walmart.com"":""https://www.walmart.com/c/kp/burqa-clothing""
""etsy.com"":""https://www.etsy.com/market/burqa_clothing""
""ebay.com"":""https://www.ebay.com/b/Burquas-Middle-Eastern-Clothing-for-Women/155253/bn_115150703""
""britannica.com"":""https://www.britannica.com/topic/burka""
""alibaba.com"":""https://www.alibaba.com/showroom/burka.html""
""bbc.co.uk"":""https://www.bbc.co.uk/newsround/24118241"""
us,islamic prayer rugs,hijab styles,islamic prayer rugs,,,,1900,30,0.63,0.95,94,Commercial,"Image Pack, Video, Image, Popular Products, Related Searches","0.29,0.43,0.43,0.43,0.36,0.36,0.43,0.54,0.65,0.43,0.36,0.36",90,"""mymodefa.com"":""https://www.mymodefa.com/collections/prayer-rugs""
""urban-rugs.com"":""https://www.urban-rugs.com/""
""islamicplace.com"":""https://www.islamicplace.com/collections/prayer-rugs""
""en.wikipedia.org"":""https://en.wikipedia.org/wiki/Prayer_rug""
""orientalrugsalon.com"":""https://orientalrugsalon.com/blog/28653/the-history-of-prayer-rugs/""
""amazon.com"":""https://www.amazon.com/stores/ihvanonline/page/DC18058D-665D-43E8-BA59-C4BFC325D3F1""
""islamicwallartstore.com"":""https://islamicwallartstore.com/collections/muslim-prayer-rug""
""amazon.com"":""https://www.amazon.com/prayer-mat/s?k=prayer+mat""
""reddit.com"":""https://www.reddit.com/r/islam/comments/rwnx0f/are_prayer_rugs_necessary_when_praying_in_the/""
""walmart.com"":""https://www.walmart.com/c/kp/prayer-mat""","""mymodefa.com"":""https://www.mymodefa.com/collections/prayer-rugs""
""urban-rugs.com"":""https://www.urban-rugs.com/""
""islamicplace.com"":""https://www.islamicplace.com/collections/prayer-rugs""
""orientalrugsalon.com"":""https://orientalrugsalon.com/blog/28653/the-history-of-prayer-rugs/""
""reddit.com"":""https://www.reddit.com/r/islam/comments/rwnx0f/are_prayer_rugs_necessary_when_praying_in_the/""
""amazon.com"":""https://www.amazon.com/stores/ihvanonline/page/DC18058D-665D-43E8-BA59-C4BFC325D3F1""
""islamicwallartstore.com"":""https://islamicwallartstore.com/collections/muslim-prayer-rug""
""en.wikipedia.org"":""https://en.wikipedia.org/wiki/Prayer_rug""
""walmart.com"":""https://www.walmart.com/c/kp/prayer-rugs-islam""
""etsy.com"":""https://www.etsy.com/market/prayer_rug"""
us,prayer mat islam,hijab styles,islamic prayer rugs,,,,1900,20,0.79,0.90,84,Commercial,"Image Pack, Site Links, Video, Image, Popular Products, Related Searches","0.04,0.00,1.00,0.36,0.02,0.08,0.04,0.03,0.02,0.00,0.01,0.02",20,"""mymodefa.com"":""https://www.mymodefa.com/collections/prayer-rugs""
""urban-rugs.com"":""https://www.urban-rugs.com/""
""islamicplace.com"":""https://www.islamicplace.com/collections/prayer-rugs""
""en.wikipedia.org"":""https://en.wikipedia.org/wiki/Prayer_rug""
""orientalrugsalon.com"":""https://orientalrugsalon.com/blog/28653/the-history-of-prayer-rugs/""
""amazon.com"":""https://www.amazon.com/stores/ihvanonline/page/DC18058D-665D-43E8-BA59-C4BFC325D3F1""
""islamicwallartstore.com"":""https://islamicwallartstore.com/collections/muslim-prayer-rug""
""amazon.com"":""https://www.amazon.com/prayer-mat/s?k=prayer+mat""
""reddit.com"":""https://www.reddit.com/r/islam/comments/rwnx0f/are_prayer_rugs_necessary_when_praying_in_the/""
""walmart.com"":""https://www.walmart.com/c/kp/prayer-mat""","""mymodefa.com"":""https://www.mymodefa.com/collections/prayer-rugs""
""islamicplace.com"":""https://www.islamicplace.com/collections/prayer-rugs""
""amazon.com"":""https://www.amazon.com/prayer-mat/s?k=prayer+mat""
""reddit.com"":""https://www.reddit.com/r/islam/comments/t3hhwl/choosing_a_prayer_mat/""
""orientalrugsalon.com"":""https://orientalrugsalon.com/blog/28653/the-history-of-prayer-rugs/""
""urban-rugs.com"":""https://www.urban-rugs.com/""
""reddit.com"":""https://www.reddit.com/r/islam/comments/rwnx0f/are_prayer_rugs_necessary_when_praying_in_the/""
""theislamicshop.com"":""https://theislamicshop.com/collections/prayer-mats""
""en.wikipedia.org"":""https://en.wikipedia.org/wiki/Prayer_rug""
""walmart.com"":""https://www.walmart.com/c/kp/prayer-mat"""
us,praying rug islam,hijab styles,islamic prayer rugs,,,,1900,21,0.63,0.95,97,Commercial,"Image Pack, Site Links, Video, Image, People Also Ask, Popular Products, Related Searches","0.16,0.19,0.07,0.12,0.04,0.23,0.00,0.66,1.00,0.54,0.00,0.00",20,"""mymodefa.com"":""https://www.mymodefa.com/collections/prayer-rugs""
""urban-rugs.com"":""https://www.urban-rugs.com/""
""islamicplace.com"":""https://www.islamicplace.com/collections/prayer-rugs""
""en.wikipedia.org"":""https://en.wikipedia.org/wiki/Prayer_rug""
""orientalrugsalon.com"":""https://orientalrugsalon.com/blog/28653/the-history-of-prayer-rugs/""
""amazon.com"":""https://www.amazon.com/stores/ihvanonline/page/DC18058D-665D-43E8-BA59-C4BFC325D3F1""
""islamicwallartstore.com"":""https://islamicwallartstore.com/collections/muslim-prayer-rug""
""amazon.com"":""https://www.amazon.com/prayer-mat/s?k=prayer+mat""
""reddit.com"":""https://www.reddit.com/r/islam/comments/rwnx0f/are_prayer_rugs_necessary_when_praying_in_the/""
""walmart.com"":""https://www.walmart.com/c/kp/prayer-mat""","""mymodefa.com"":""https://www.mymodefa.com/collections/prayer-rugs""
""urban-rugs.com"":""https://www.urban-rugs.com/""
""islamicplace.com"":""https://www.islamicplace.com/collections/prayer-rugs""
""amazon.com"":""https://www.amazon.com/stores/ihvanonline/page/DC18058D-665D-43E8-BA59-C4BFC325D3F1""
""amazon.com"":""https://www.amazon.com/Prayer-Rug-Muslim-Mat-Islamic/dp/B08M955VLC""
""islamicwallartstore.com"":""https://islamicwallartstore.com/collections/muslim-prayer-rug""
""en.wikipedia.org"":""https://en.wikipedia.org/wiki/Prayer_rug""
""islamicbookstore.com"":""https://www.islamicbookstore.com/gifts-prayer-rugs.html""
""orientalrugsalon.com"":""https://orientalrugsalon.com/blog/28653/the-history-of-prayer-rugs/""
""reddit.com"":""https://www.reddit.com/r/islam/comments/14m8mgs/what_is_the_significance_of_the_prayer_rug_in/"""
us,islamic prayer rug,hijab styles,islamic prayer rugs,,,,1300,21,0.63,0.95,98,Commercial,"Image Pack, Video, Image, People Also Ask, Popular Products, Related Searches","0.36,1.00,0.66,0.66,0.66,1.00,0.79,0.13,0.20,0.41,0.03,0.04",90,"""mymodefa.com"":""https://www.mymodefa.com/collections/prayer-rugs""
""urban-rugs.com"":""https://www.urban-rugs.com/""
""islamicplace.com"":""https://www.islamicplace.com/collections/prayer-rugs""
""en.wikipedia.org"":""https://en.wikipedia.org/wiki/Prayer_rug""
""orientalrugsalon.com"":""https://orientalrugsalon.com/blog/28653/the-history-of-prayer-rugs/""
""amazon.com"":""https://www.amazon.com/stores/ihvanonline/page/DC18058D-665D-43E8-BA59-C4BFC325D3F1""
""islamicwallartstore.com"":""https://islamicwallartstore.com/collections/muslim-prayer-rug""
""amazon.com"":""https://www.amazon.com/prayer-mat/s?k=prayer+mat""
""reddit.com"":""https://www.reddit.com/r/islam/comments/rwnx0f/are_prayer_rugs_necessary_when_praying_in_the/""
""walmart.com"":""https://www.walmart.com/c/kp/prayer-mat""","""mymodefa.com"":""https://www.mymodefa.com/collections/prayer-rugs""
""urban-rugs.com"":""https://www.urban-rugs.com/""
""islamicplace.com"":""https://www.islamicplace.com/collections/prayer-rugs""
""amazon.com"":""https://www.amazon.com/stores/ihvanonline/page/DC18058D-665D-43E8-BA59-C4BFC325D3F1""
""orientalrugsalon.com"":""https://orientalrugsalon.com/blog/28653/the-history-of-prayer-rugs/""
""en.wikipedia.org"":""https://en.wikipedia.org/wiki/Prayer_rug""
""britannica.com"":""https://www.britannica.com/topic/prayer-rug""
""islamicwallartstore.com"":""https://islamicwallartstore.com/collections/muslim-prayer-rug""
""walmart.com"":""https://www.walmart.com/c/kp/prayer-rugs-islam""
""icswaco.com"":""https://www.icswaco.com/ISLAMIC-PRAYER-RUG"""
us,islamic wedding clothes,hijab styles,islamic wedding clothes,,,,2900,29,0.76,1.00,16000000,Commercial,"Image, Popular Products, Related Searches, Image Pack, Video","0.15,0.43,0.15,0.08,0.05,0.28,0.03,0.81,1.00,1.00,0.36,0.54",90,"""andaazfashion.com"":""https://www.andaazfashion.com/islamic-wedding-dresses""
""tanyabridal.com"":""https://www.tanyabridal.com/collections/muslim""
""pinterest.com"":""https://www.pinterest.com/maigadam/muslim-wedding-dresses/""
""comelyme.com"":""https://www.comelyme.com/wedding-dresses-online/muslim-wedding-dresses/""
""reddit.com"":""https://www.reddit.com/r/Weddingattireapproval/comments/1hl3ljo/what_to_wear_to_muslim_wedding/""
""theknot.com"":""https://www.theknot.com/content/what-to-wear-to-a-muslim-wedding""
""crystalview.com"":""https://www.crystalview.com/muslim-wedding-guest-style-your-ultimate-outfit-guide""
""yallaworldx.com"":""https://www.yallaworldx.com/en-us/pages/muslim-wedding-guest-attire-guide""
""mirraw.com"":""https://www.mirraw.com/islamic-clothing/wedding-islamic-clothing""
""veiled.com"":""https://veiled.com/collections/wedding-guest""","""andaazfashion.com"":""https://www.andaazfashion.com/islamic-wedding-dresses""
""tanyabridal.com"":""https://www.tanyabridal.com/collections/muslim""
""theknot.com"":""https://www.theknot.com/content/what-to-wear-to-a-muslim-wedding""
""pinterest.com"":""https://www.pinterest.com/maigadam/muslim-wedding-dresses/""
""comelyme.com"":""https://www.comelyme.com/wedding-dresses-online/muslim-wedding-dresses/""
""mirraw.com"":""https://www.mirraw.com/islamic-clothing/wedding-islamic-clothing""
""crystalview.com"":""https://www.crystalview.com/muslim-wedding-guest-style-your-ultimate-outfit-guide""
""etsy.com"":""https://www.etsy.com/market/muslim_wedding_dress""
""shopkund.com"":""https://www.shopkund.com/wedding-collection/islamic-dresses""
""yallaworldx.com"":""https://www.yallaworldx.com/en-us/pages/muslim-wedding-guest-attire-guide"""
us,islamic wedding dresses,hijab styles,islamic wedding clothes,,,,2400,17,0.70,1.00,86,Commercial,"Popular Products, Related Searches, Image Pack, Site Links, Video, Image","0.81,0.43,0.65,0.54,0.43,0.65,0.43,0.36,0.36,0.36,0.20,0.13",20,"""andaazfashion.com"":""https://www.andaazfashion.com/islamic-wedding-dresses""
""tanyabridal.com"":""https://www.tanyabridal.com/collections/muslim""
""pinterest.com"":""https://www.pinterest.com/maigadam/muslim-wedding-dresses/""
""comelyme.com"":""https://www.comelyme.com/wedding-dresses-online/muslim-wedding-dresses/""
""reddit.com"":""https://www.reddit.com/r/Weddingattireapproval/comments/1hl3ljo/what_to_wear_to_muslim_wedding/""
""theknot.com"":""https://www.theknot.com/content/what-to-wear-to-a-muslim-wedding""
""crystalview.com"":""https://www.crystalview.com/muslim-wedding-guest-style-your-ultimate-outfit-guide""
""yallaworldx.com"":""https://www.yallaworldx.com/en-us/pages/muslim-wedding-guest-attire-guide""
""mirraw.com"":""https://www.mirraw.com/islamic-clothing/wedding-islamic-clothing""
""veiled.com"":""https://veiled.com/collections/wedding-guest""","""andaazfashion.com"":""https://www.andaazfashion.com/islamic-wedding-dresses""
""pinterest.com"":""https://www.pinterest.com/maigadam/muslim-wedding-dresses/""
""tanyabridal.com"":""https://www.tanyabridal.com/collections/muslim""
""oliviabottega.com"":""https://www.oliviabottega.com/collections/muslim-wedding-dresses""
""comelyme.com"":""https://www.comelyme.com/wedding-dresses-online/muslim-wedding-dresses/""
""pinterest.com"":""https://www.pinterest.com/dorothyresopawiro/islam-wedding-dress-1/""
""reddit.com"":""https://www.reddit.com/r/Weddingattireapproval/comments/1hl3ljo/what_to_wear_to_muslim_wedding/""
""instagram.com"":""https://www.instagram.com/muslimbrides/?hl=en""
""pinterest.com"":""https://www.pinterest.com/pin/613193305550407626/""
""salams.app"":""https://www.salams.app/blog/where-to-shop-for-muslim-wedding-attire"""
us,islamic dresses for wedding,hijab styles,islamic wedding clothes,,,,880,13,0.70,1.00,6600000,Commercial,"Image, Popular Products, Related Searches, Discussions And Forums, Image Pack, Video","0.22,0.65,0.22,0.13,0.08,0.05,0.08,0.05,0.02,0.02,0.22,0.03",90,"""andaazfashion.com"":""https://www.andaazfashion.com/islamic-wedding-dresses""
""tanyabridal.com"":""https://www.tanyabridal.com/collections/muslim""
""pinterest.com"":""https://www.pinterest.com/maigadam/muslim-wedding-dresses/""
""comelyme.com"":""https://www.comelyme.com/wedding-dresses-online/muslim-wedding-dresses/""
""reddit.com"":""https://www.reddit.com/r/Weddingattireapproval/comments/1hl3ljo/what_to_wear_to_muslim_wedding/""
""theknot.com"":""https://www.theknot.com/content/what-to-wear-to-a-muslim-wedding""
""crystalview.com"":""https://www.crystalview.com/muslim-wedding-guest-style-your-ultimate-outfit-guide""
""yallaworldx.com"":""https://www.yallaworldx.com/en-us/pages/muslim-wedding-guest-attire-guide""
""mirraw.com"":""https://www.mirraw.com/islamic-clothing/wedding-islamic-clothing""
""veiled.com"":""https://veiled.com/collections/wedding-guest""","""veiled.com"":""https://veiled.com/collections/wedding-guest""
""andaazfashion.com"":""https://www.andaazfashion.com/islamic-wedding-dresses""
""tanyabridal.com"":""https://www.tanyabridal.com/collections/muslim""
""pinterest.com"":""https://www.pinterest.com/maigadam/muslim-wedding-dresses/""
""comelyme.com"":""https://www.comelyme.com/wedding-dresses-online/muslim-wedding-dresses/""
""viniodresses.com"":""https://viniodresses.com/collections/muslim-wedding-dresses""
""alibaba.com"":""https://www.alibaba.com/showroom/muslim-wedding-dress-with-hijab.html""
""reddit.com"":""https://www.reddit.com/r/Weddingattireapproval/comments/1hl3ljo/what_to_wear_to_muslim_wedding/""
""pinterest.com"":""https://www.pinterest.com/taylermadegifts/muslim-wedding-dresses/""
""mirraw.com"":""https://www.mirraw.com/islamic-clothing/wedding-islamic-clothing"""
us,islamic clothing for men,hijab styles,muslim style men's shirt,,,,1000,4,0.46,0.94,55400000,Commercial,"Video, Image, People Also Ask, Related Searches, Image Pack","0.11,0.68,0.68,0.52,1.00,0.52,0.16,0.52,0.84,0.16,0.20,0.25",90,"""store.muslimamerican.com"":""https://store.muslimamerican.com/collections/mens-islamic-clothings""
""shukrclothing.com"":""https://shukrclothing.com/pages/men""
""shukrclothing.com"":""https://shukrclothing.com/collections/mens-new-arrivals""
""eastessence.com"":""https://eastessence.com/collections/men""
""alhannah.com"":""https://www.alhannah.com/product-category/mens-islamic-clothing/""
""alqamees.com"":""https://alqamees.com/collection/""
""amazon.com"":""https://www.amazon.com/Mens-Fashion-MyBatua-Islamic-Clothing/s?rh=n%3A7147441011%2Cp_6%3AA2EMSDIXOCHBPU""
""muslimlifestylestore.com"":""https://muslimlifestylestore.com/collections/men""
""eastessence.com"":""https://eastessence.com/collections/men?page=5""
""moomenn.com"":""https://moomenn.com/""","""shukrclothing.com"":""https://shukrclothing.com/collections/mens-new-arrivals""
""store.muslimamerican.com"":""https://store.muslimamerican.com/collections/mens-islamic-clothings""
""alhannah.com"":""https://www.alhannah.com/product-category/mens-islamic-clothing/""
""shukrclothing.com"":""https://shukrclothing.com/pages/men""
""eastessence.com"":""https://eastessence.com/collections/men""
""alqamees.com"":""https://alqamees.com/collection/""
""amazon.com"":""https://www.amazon.com/Mens-Fashion-MyBatua-Islamic-Clothing/s?rh=n%3A7147441011%2Cp_6%3AA2EMSDIXOCHBPU""
""reddit.com"":""https://www.reddit.com/r/Muslim/comments/17kk3s2/asalaamualeikum_does_anyone_know_where_to_get/""
""moomenn.com"":""https://moomenn.com/""
""muslimlifestylestore.com"":""https://muslimlifestylestore.com/collections/men"""
us,muslim style men's shirt,,muslim style men's shirt,,,,1900,0,0.00,0.00,0,,,1.00,,"""store.muslimamerican.com"":""https://store.muslimamerican.com/collections/mens-islamic-clothings""
""shukrclothing.com"":""https://shukrclothing.com/pages/men""
""shukrclothing.com"":""https://shukrclothing.com/collections/mens-new-arrivals""
""eastessence.com"":""https://eastessence.com/collections/men""
""alhannah.com"":""https://www.alhannah.com/product-category/mens-islamic-clothing/""
""alqamees.com"":""https://alqamees.com/collection/""
""amazon.com"":""https://www.amazon.com/Mens-Fashion-MyBatua-Islamic-Clothing/s?rh=n%3A7147441011%2Cp_6%3AA2EMSDIXOCHBPU""
""muslimlifestylestore.com"":""https://muslimlifestylestore.com/collections/men""
""eastessence.com"":""https://eastessence.com/collections/men?page=5""
""moomenn.com"":""https://moomenn.com/""","""shukrclothing.com"":""https://shukrclothing.com/collections/mens-tops-and-kurtas""
""store.muslimamerican.com"":""https://store.muslimamerican.com/collections/mens-islamic-clothings""
""alhannah.com"":""https://www.alhannah.com/product-category/mens-islamic-clothing/""
""muslimlifestylestore.com"":""https://muslimlifestylestore.com/collections/men""
""amazon.com"":""https://www.amazon.com/thawb-men/s?k=thawb+men""
""shukrclothing.com"":""https://shukrclothing.com/pages/men""
""reddit.com"":""https://www.reddit.com/r/malefashionadvice/comments/6m8a04/dressing_for_hot_weather_in_conservative/""
""walmart.com"":""https://www.walmart.com/c/kp/islamic-shirt""
""riwaya.co.uk"":""https://riwaya.co.uk/riwaya-blog/a-complete-guide-to-mens-islamic-clothing-how-to-choose-the-right-outfit/""
""muslimlane.com"":""https://muslimlane.com/collections/half-sleeve-t-shirts-male"""
us,muslim wear mens,,muslim style men's shirt,,,,1600,10,0.83,0.94,40400000,Commercial,"Popular Products, Related Searches, Discussions And Forums, Image Pack, Video, Image, People Also Ask","0.52,0.52,0.52,0.52,0.52,0.52,0.52,0.52,1.00,0.00,0.00,0.20",90,"""store.muslimamerican.com"":""https://store.muslimamerican.com/collections/mens-islamic-clothings""
""shukrclothing.com"":""https://shukrclothing.com/pages/men""
""shukrclothing.com"":""https://shukrclothing.com/collections/mens-new-arrivals""
""eastessence.com"":""https://eastessence.com/collections/men""
""alhannah.com"":""https://www.alhannah.com/product-category/mens-islamic-clothing/""
""alqamees.com"":""https://alqamees.com/collection/""
""amazon.com"":""https://www.amazon.com/Mens-Fashion-MyBatua-Islamic-Clothing/s?rh=n%3A7147441011%2Cp_6%3AA2EMSDIXOCHBPU""
""muslimlifestylestore.com"":""https://muslimlifestylestore.com/collections/men""
""eastessence.com"":""https://eastessence.com/collections/men?page=5""
""moomenn.com"":""https://moomenn.com/""","""shukrclothing.com"":""https://shukrclothing.com/collections/mens-new-arrivals""
""muslimlifestylestore.com"":""https://muslimlifestylestore.com/collections/men""
""eastessence.com"":""https://eastessence.com/collections/men""
""alhannah.com"":""https://www.alhannah.com/product-category/mens-islamic-clothing/""
""moomenn.com"":""https://moomenn.com/en-us""
""shukrclothing.com"":""https://shukrclothing.com/pages/men""
""reddit.com"":""https://www.reddit.com/r/MuslimLounge/comments/1570yu5/what_do_you_men_wear_thats_modestislamic_while/""
""amazon.com"":""https://www.amazon.com/Napoo-Muslim-Clothes-Sleeve-Marocain/dp/B0CT8FSB92""
""learnreligions.com"":""https://www.learnreligions.com/mens-islamic-clothing-2004254""
""store.muslimamerican.com"":""https://store.muslimamerican.com/collections/mens-islamic-clothings"""
us,mens muslim clothes,,muslim style men's shirt,,,,1300,5,0.52,0.98,3710000,Commercial,"Popular Products, Related Searches, Discussions And Forums, Image Pack, Video, Image","0.16,0.18,0.10,0.13,0.07,0.16,0.03,0.29,1.00,0.29,0.24,0.44",90,"""store.muslimamerican.com"":""https://store.muslimamerican.com/collections/mens-islamic-clothings""
""shukrclothing.com"":""https://shukrclothing.com/pages/men""
""shukrclothing.com"":""https://shukrclothing.com/collections/mens-new-arrivals""
""eastessence.com"":""https://eastessence.com/collections/men""
""alhannah.com"":""https://www.alhannah.com/product-category/mens-islamic-clothing/""
""alqamees.com"":""https://alqamees.com/collection/""
""amazon.com"":""https://www.amazon.com/Mens-Fashion-MyBatua-Islamic-Clothing/s?rh=n%3A7147441011%2Cp_6%3AA2EMSDIXOCHBPU""
""muslimlifestylestore.com"":""https://muslimlifestylestore.com/collections/men""
""eastessence.com"":""https://eastessence.com/collections/men?page=5""
""moomenn.com"":""https://moomenn.com/""","""shukrclothing.com"":""https://shukrclothing.com/collections/mens-new-arrivals""
""store.muslimamerican.com"":""https://store.muslimamerican.com/collections/mens-islamic-clothings""
""eastessence.com"":""https://eastessence.com/collections/men""
""alhannah.com"":""https://www.alhannah.com/product-category/mens-islamic-clothing/""
""shukrclothing.com"":""https://shukrclothing.com/pages/men""
""alqamees.com"":""https://alqamees.com/collection/""
""amazon.com"":""https://www.amazon.com/Mens-Fashion-MyBatua-Islamic-Clothing/s?rh=n%3A7147441011%2Cp_6%3AA2EMSDIXOCHBPU""
""moomenn.com"":""https://moomenn.com/""
""muslimlifestylestore.com"":""https://muslimlifestylestore.com/collections/men""
""riwaya.co.uk"":""https://riwaya.co.uk/riwaya-blog/a-complete-guide-to-mens-islamic-clothing-how-to-choose-the-right-outfit/"""
us,muslim outfit for man,,muslim style men's shirt,,,,1300,8,0.52,0.98,25500000,Informational,"Image, Popular Products, Related Searches, Discussions And Forums, Image Pack, Video","0.16,0.18,0.10,0.13,0.07,0.16,0.03,0.29,1.00,0.29,0.24,0.44",90,"""store.muslimamerican.com"":""https://store.muslimamerican.com/collections/mens-islamic-clothings""
""shukrclothing.com"":""https://shukrclothing.com/pages/men""
""shukrclothing.com"":""https://shukrclothing.com/collections/mens-new-arrivals""
""eastessence.com"":""https://eastessence.com/collections/men""
""alhannah.com"":""https://www.alhannah.com/product-category/mens-islamic-clothing/""
""alqamees.com"":""https://alqamees.com/collection/""
""amazon.com"":""https://www.amazon.com/Mens-Fashion-MyBatua-Islamic-Clothing/s?rh=n%3A7147441011%2Cp_6%3AA2EMSDIXOCHBPU""
""muslimlifestylestore.com"":""https://muslimlifestylestore.com/collections/men""
""eastessence.com"":""https://eastessence.com/collections/men?page=5""
""moomenn.com"":""https://moomenn.com/""","""shukrclothing.com"":""https://shukrclothing.com/collections/mens-new-arrivals""
""store.muslimamerican.com"":""https://store.muslimamerican.com/collections/mens-islamic-clothings""
""eastessence.com"":""https://eastessence.com/collections/men""
""shukrclothing.com"":""https://shukrclothing.com/pages/men""
""amazon.com"":""https://www.amazon.com/Mens-Fashion-MyBatua-Islamic-Clothing/s?rh=n%3A7147441011%2Cp_6%3AA2EMSDIXOCHBPU""
""alqamees.com"":""https://alqamees.com/collection/""
""alhannah.com"":""https://www.alhannah.com/product-category/mens-islamic-clothing/""
""pinterest.com"":""https://www.pinterest.com/tracieoliver70/male-islamic-fashion/""
""muslimlifestylestore.com"":""https://muslimlifestylestore.com/collections/men""
""mybatua.com"":""https://www.mybatua.com/collections/muslim-mens-clothing"""
us,islamic dress for man,,muslim style men's shirt,,,,1000,4,0.62,0.97,76600000,"Informational, Transactional","Popular Products, Related Searches, Discussions And Forums, Image Pack, Video, Image","0.36,0.41,0.24,0.30,0.16,0.00,0.07,0.66,0.79,0.66,0.54,1.00",90,"""store.muslimamerican.com"":""https://store.muslimamerican.com/collections/mens-islamic-clothings""
""shukrclothing.com"":""https://shukrclothing.com/pages/men""
""shukrclothing.com"":""https://shukrclothing.com/collections/mens-new-arrivals""
""eastessence.com"":""https://eastessence.com/collections/men""
""alhannah.com"":""https://www.alhannah.com/product-category/mens-islamic-clothing/""
""alqamees.com"":""https://alqamees.com/collection/""
""amazon.com"":""https://www.amazon.com/Mens-Fashion-MyBatua-Islamic-Clothing/s?rh=n%3A7147441011%2Cp_6%3AA2EMSDIXOCHBPU""
""muslimlifestylestore.com"":""https://muslimlifestylestore.com/collections/men""
""eastessence.com"":""https://eastessence.com/collections/men?page=5""
""moomenn.com"":""https://moomenn.com/""","""store.muslimamerican.com"":""https://store.muslimamerican.com/collections/mens-islamic-clothings""
""shukrclothing.com"":""https://shukrclothing.com/collections/mens-new-arrivals""
""alqamees.com"":""https://alqamees.com/collection/""
""eastessence.com"":""https://eastessence.com/collections/men?page=5""
""shukrclothing.com"":""https://shukrclothing.com/pages/men""
""eastessence.com"":""https://eastessence.com/collections/men""
""alhannah.com"":""https://www.alhannah.com/product-category/mens-islamic-clothing/""
""islamicplace.com"":""https://www.islamicplace.com/collections/men-thobs""
""pinterest.com"":""https://www.pinterest.com/jbraz53/islamic-fashion-men/""
""amazon.com"":""https://www.amazon.com/Mens-Fashion-MyBatua-Islamic-Clothing/s?rh=n%3A7147441011%2Cp_6%3AA2EMSDIXOCHBPU"""
us,muslim dress for men,,muslim style men's shirt,,,,1000,6,0.52,0.98,180000000,Commercial,"Image Pack, Video, Image, Popular Products, Related Searches","0.52,1.00,0.37,0.52,0.52,0.37,0.52,0.37,0.68,0.52,0.52,0.37",90,"""store.muslimamerican.com"":""https://store.muslimamerican.com/collections/mens-islamic-clothings""
""shukrclothing.com"":""https://shukrclothing.com/pages/men""
""shukrclothing.com"":""https://shukrclothing.com/collections/mens-new-arrivals""
""eastessence.com"":""https://eastessence.com/collections/men""
""alhannah.com"":""https://www.alhannah.com/product-category/mens-islamic-clothing/""
""alqamees.com"":""https://alqamees.com/collection/""
""amazon.com"":""https://www.amazon.com/Mens-Fashion-MyBatua-Islamic-Clothing/s?rh=n%3A7147441011%2Cp_6%3AA2EMSDIXOCHBPU""
""muslimlifestylestore.com"":""https://muslimlifestylestore.com/collections/men""
""eastessence.com"":""https://eastessence.com/collections/men?page=5""
""moomenn.com"":""https://moomenn.com/""","""shukrclothing.com"":""https://shukrclothing.com/collections/mens-new-arrivals""
""store.muslimamerican.com"":""https://store.muslimamerican.com/collections/mens-islamic-clothings""
""eastessence.com"":""https://eastessence.com/collections/men""
""amazon.com"":""https://www.amazon.com/Mens-Fashion-MyBatua-Islamic-Clothing/s?rh=n%3A7147441011%2Cp_6%3AA2EMSDIXOCHBPU""
""shukrclothing.com"":""https://shukrclothing.com/pages/men""
""alqamees.com"":""https://alqamees.com/collection/""
""eastessence.com"":""https://eastessence.com/collections/men?page=5""
""pinterest.com"":""https://www.pinterest.com/jbraz53/islamic-fashion-men/""
""learnreligions.com"":""https://www.learnreligions.com/mens-islamic-clothing-2004254""
""mirraw.com"":""https://www.mirraw.com/men/islamic-clothing"""
us,palestinian thobe,hijab styles,palestinian thobe,,,,1900,5,0.77,1.00,76,Commercial,"Related Searches, See Results About, Site Links","0.43,0.13,0.43,0.43,0.29,0.43,0.29,0.29,0.43,0.65,0.54,0.22",20,"""falastinibrand.com"":""https://falastinibrand.com/collections/featured/palestinian-thobe""
""royalthobe.com"":""https://royalthobe.com/""
""amazon.com"":""https://www.amazon.com/stores/MarwaFashion/page/0FFA386E-1890-46DF-8D0F-F5FCF02C2601""
""palestinianthobe.nl"":""https://palestinianthobe.nl/""
""palestinianthobebysea.com"":""https://palestinianthobebysea.com/""
""deerah.co"":""https://deerah.co/collections/hand-embroidered-palestinian-thobes""
""instagram.com"":""https://www.instagram.com/royalthobe/?hl=en""
""etsy.com"":""https://www.etsy.com/market/palestinian_thobe""
""instagram.com"":""https://www.instagram.com/palestiniannthobe/""
""palestinianelegance.com"":""https://www.palestinianelegance.com/""","""falastinibrand.com"":""https://falastinibrand.com/collections/featured/palestinian-thobe""
""royalthobe.com"":""https://royalthobe.com/""
""amazon.com"":""https://www.amazon.com/stores/MarwaFashion/page/0FFA386E-1890-46DF-8D0F-F5FCF02C2601""
""palestinianthobe.nl"":""https://palestinianthobe.nl/""
""palestinianelegance.com"":""https://www.palestinianelegance.com/""
""palestinianthobebysea.com"":""https://palestinianthobebysea.com/""
""instagram.com"":""https://www.instagram.com/royalthobe/?hl=en""
""deerah.co"":""https://deerah.co/collections/hand-embroidered-palestinian-thobes""
""instagram.com"":""https://www.instagram.com/palestiniannthobe/""
""etsy.com"":""https://www.etsy.com/market/palestinian_thobe"""
us,palestine thobe,hijab styles,palestinian thobe,,,,260,1,0.77,1.00,60,Commercial,"Image Pack, Site Links, Video, Image, Popular Products, Related Searches","0.00,0.30,0.01,0.01,0.24,0.00,0.00,0.30,0.24,0.07,0.00,0.00",20,"""falastinibrand.com"":""https://falastinibrand.com/collections/featured/palestinian-thobe""
""royalthobe.com"":""https://royalthobe.com/""
""amazon.com"":""https://www.amazon.com/stores/MarwaFashion/page/0FFA386E-1890-46DF-8D0F-F5FCF02C2601""
""palestinianthobe.nl"":""https://palestinianthobe.nl/""
""palestinianthobebysea.com"":""https://palestinianthobebysea.com/""
""deerah.co"":""https://deerah.co/collections/hand-embroidered-palestinian-thobes""
""instagram.com"":""https://www.instagram.com/royalthobe/?hl=en""
""etsy.com"":""https://www.etsy.com/market/palestinian_thobe""
""instagram.com"":""https://www.instagram.com/palestiniannthobe/""
""palestinianelegance.com"":""https://www.palestinianelegance.com/""","""falastinibrand.com"":""https://falastinibrand.com/collections/featured/palestinian-thobe""
""royalthobe.com"":""https://royalthobe.com/""
""amazon.com"":""https://www.amazon.com/stores/MarwaFashion/page/0FFA386E-1890-46DF-8D0F-F5FCF02C2601""
""palestinianthobebysea.com"":""https://palestinianthobebysea.com/""
""palestinianthobe.nl"":""https://palestinianthobe.nl/""
""deerah.co"":""https://deerah.co/collections/hand-embroidered-palestinian-thobes""
""instagram.com"":""https://www.instagram.com/royalthobe/?hl=en""
""etsy.com"":""https://www.etsy.com/market/palestinian_thobe""
""instagram.com"":""https://www.instagram.com/palestiniannthobe/""
""cave-london.com"":""https://www.cave-london.com/blogs/thecaveblogs/traditional-palestinian-thobes-every-man-should-own"""
us,thobe,hijab styles,thobe,,,,12100,33,1.00,0.82,7780000,Commercial,"Image Pack, Site Links, Video, Image, Related Searches","0.36,0.36,0.36,0.36,0.29,0.29,0.36,0.54,1.00,0.44,0.44,0.36",20,"""en.wikipedia.org"":""https://en.wikipedia.org/wiki/Thawb""
""mylittlejubba.com"":""https://mylittlejubba.com/en-us""
""houseofthobes.co.uk"":""https://houseofthobes.co.uk/""
""shukrclothing.com"":""https://shukrclothing.com/collections/thobes""
""hikmahboutique.com.au"":""https://hikmahboutique.com.au/blogs/useful-articles/all-about-thobe-a-comprehensive-guide""
""al-haqthobes.com"":""https://www.al-haqthobes.com/blogs/news/is-a-thobe-religious-or-cultural""
""al-aniq.com"":""https://al-aniq.com/""
""alhayafashion.com"":""https://www.alhayafashion.com/blogs/news/is-a-thobe-religious-or-cultural""
""mens-thobes.com"":""https://www.mens-thobes.com/""
""quora.com"":""https://www.quora.com/Are-non-Muslims-and-non-Arabs-allowed-to-wear-the-thobes-and-clothes-of-Arabs""","""en.wikipedia.org"":""https://en.wikipedia.org/wiki/Thawb""
""shukrclothing.com"":""https://shukrclothing.com/collections/thobes""
""mylittlejubba.com"":""https://mylittlejubba.com/en-us""
""amazon.com"":""https://www.amazon.com/thobes/s?k=thobes""
""burdaclothing.com"":""https://burdaclothing.com/collections/adult-thobes""
""mens-thobes.com"":""https://www.mens-thobes.com/""
""muslimah-collection.com"":""https://www.muslimah-collection.com/collections/thobe""
""en.wiktionary.org"":""https://en.wiktionary.org/wiki/thobe""
""royalthobe.com"":""https://royalthobe.com/collections/thobes""
""houseofthobes.co.uk"":""https://houseofthobes.co.uk/"""
us,men's thobe jubba,hijab styles,thobe,,,,590,18,0.52,1.00,83,Commercial,"Related Searches, Image Pack, Video, Image, Popular Products","0.24,0.34,0.20,0.24,0.11,0.30,0.05,0.65,0.00,0.05,0.02,0.07",90,"""en.wikipedia.org"":""https://en.wikipedia.org/wiki/Thawb""
""mylittlejubba.com"":""https://mylittlejubba.com/en-us""
""houseofthobes.co.uk"":""https://houseofthobes.co.uk/""
""shukrclothing.com"":""https://shukrclothing.com/collections/thobes""
""hikmahboutique.com.au"":""https://hikmahboutique.com.au/blogs/useful-articles/all-about-thobe-a-comprehensive-guide""
""al-haqthobes.com"":""https://www.al-haqthobes.com/blogs/news/is-a-thobe-religious-or-cultural""
""al-aniq.com"":""https://al-aniq.com/""
""alhayafashion.com"":""https://www.alhayafashion.com/blogs/news/is-a-thobe-religious-or-cultural""
""mens-thobes.com"":""https://www.mens-thobes.com/""
""quora.com"":""https://www.quora.com/Are-non-Muslims-and-non-Arabs-allowed-to-wear-the-thobes-and-clothes-of-Arabs""","""mylittlejubba.com"":""https://mylittlejubba.com/en-us""
""shukrclothing.com"":""https://shukrclothing.com/collections/thobes""
""eastessence.com"":""https://eastessence.com/collections/thobe""
""al-aniq.com"":""https://al-aniq.com/""
""amazon.com"":""https://www.amazon.com/HEYDHSDC-Embroidery-Islamic-Dishdasha-Ramadan/dp/B0C23ZLTYT""
""jubbathobe.com"":""https://jubbathobe.com/""
""mashroostore.com"":""https://mashroostore.com/collections/thobes-jubba-for-men""
""houseofthobes.co.uk"":""https://houseofthobes.co.uk/""
""alqamees.com"":""https://alqamees.com/""
""abayabuth.com"":""https://abayabuth.com/en-us/collections/thobes"""
us,saudi thobe,hijab styles,thobe,,,,590,3,0.52,0.82,2250000,Transactional,"Things To Know, Reviews, Video, Image, People Also Ask, Popular Products, Related Searches","0.30,0.36,0.36,0.45,0.30,0.36,0.36,0.55,0.24,0.55,0.45,0.62",75,"""en.wikipedia.org"":""https://en.wikipedia.org/wiki/Thawb""
""mylittlejubba.com"":""https://mylittlejubba.com/en-us""
""houseofthobes.co.uk"":""https://houseofthobes.co.uk/""
""shukrclothing.com"":""https://shukrclothing.com/collections/thobes""
""hikmahboutique.com.au"":""https://hikmahboutique.com.au/blogs/useful-articles/all-about-thobe-a-comprehensive-guide""
""al-haqthobes.com"":""https://www.al-haqthobes.com/blogs/news/is-a-thobe-religious-or-cultural""
""al-aniq.com"":""https://al-aniq.com/""
""alhayafashion.com"":""https://www.alhayafashion.com/blogs/news/is-a-thobe-religious-or-cultural""
""mens-thobes.com"":""https://www.mens-thobes.com/""
""quora.com"":""https://www.quora.com/Are-non-Muslims-and-non-Arabs-allowed-to-wear-the-thobes-and-clothes-of-Arabs""","""mylittlejubba.com"":""https://mylittlejubba.com/en-us""
""alshiaka.com"":""https://alshiaka.com/en/product-category/thobe/""
""alhannah.com"":""https://www.alhannah.com/product-category/mens-islamic-clothing/thobe/""
""mihyar.com"":""https://mihyar.com/saudi-en/""
""en.wikipedia.org"":""https://en.wikipedia.org/wiki/Thawb""
""al-aniq.com"":""https://al-aniq.com/thobe-types/""
""alqamees.com"":""https://alqamees.com/product/saudi-thobe-for-men-white-jubba-qamis/""
""amazon.com"":""https://www.amazon.com/Traditional-Dishdasha-Classic-Length-Islamic/dp/B0CLRYV8RX""
""ilyn.global"":""https://ilyn.global/category/thobe""
""cave-london.com"":""https://www.cave-london.com/collections/adults-thobes"""
us,morrocan thobe,hijab styles,thobe,,,,390,7,0.56,0.93,89,"Informational, Commercial",Related Searches,"0.81,0.00,0.36,0.06,0.30,0.00,0.30,0.20,1.00,0.05,0.02,0.00",75,"""en.wikipedia.org"":""https://en.wikipedia.org/wiki/Thawb""
""mylittlejubba.com"":""https://mylittlejubba.com/en-us""
""houseofthobes.co.uk"":""https://houseofthobes.co.uk/""
""shukrclothing.com"":""https://shukrclothing.com/collections/thobes""
""hikmahboutique.com.au"":""https://hikmahboutique.com.au/blogs/useful-articles/all-about-thobe-a-comprehensive-guide""
""al-haqthobes.com"":""https://www.al-haqthobes.com/blogs/news/is-a-thobe-religious-or-cultural""
""al-aniq.com"":""https://al-aniq.com/""
""alhayafashion.com"":""https://www.alhayafashion.com/blogs/news/is-a-thobe-religious-or-cultural""
""mens-thobes.com"":""https://www.mens-thobes.com/""
""quora.com"":""https://www.quora.com/Are-non-Muslims-and-non-Arabs-allowed-to-wear-the-thobes-and-clothes-of-Arabs""","""muslimlifestylestore.com"":""https://muslimlifestylestore.com/collections/moroccan-thobes""
""muslimah-collection.com"":""https://www.muslimah-collection.com/collections/moroccan-hoodie""
""mudaparis.fr"":""https://mudaparis.fr/en/product-category/moroccan-thobe/""
""houseofthobes.co.uk"":""https://houseofthobes.co.uk/""
""amazon.com"":""https://www.amazon.com/moroccan-thobe/s?k=moroccan+thobe""
""cave-london.com"":""https://www.cave-london.com/collections/moroccan-thobes""
""store.biyadina.com"":""https://store.biyadina.com/products/moroccan-thobe-1""
""habibicollections.com"":""https://habibicollections.com/product-category/mens-clothing/moroccan-thobes/""
""reddit.com"":""https://www.reddit.com/r/Morocco/comments/1i20txu/moroccan_thobe/""
""mashroostore.com"":""https://mashroostore.com/products/khatibi-white-moroccan-thobe-for-men"""
us,thobe for men,,thobe,,,,3600,35,0.53,1.00,5360000,Commercial,"Image Pack, Video, Image, Popular Products, Related Searches","0.19,0.19,0.24,0.24,0.29,0.19,0.29,0.36,1.00,0.36,0.44,0.66",90,"""en.wikipedia.org"":""https://en.wikipedia.org/wiki/Thawb""
""mylittlejubba.com"":""https://mylittlejubba.com/en-us""
""houseofthobes.co.uk"":""https://houseofthobes.co.uk/""
""shukrclothing.com"":""https://shukrclothing.com/collections/thobes""
""hikmahboutique.com.au"":""https://hikmahboutique.com.au/blogs/useful-articles/all-about-thobe-a-comprehensive-guide""
""al-haqthobes.com"":""https://www.al-haqthobes.com/blogs/news/is-a-thobe-religious-or-cultural""
""al-aniq.com"":""https://al-aniq.com/""
""alhayafashion.com"":""https://www.alhayafashion.com/blogs/news/is-a-thobe-religious-or-cultural""
""mens-thobes.com"":""https://www.mens-thobes.com/""
""quora.com"":""https://www.quora.com/Are-non-Muslims-and-non-Arabs-allowed-to-wear-the-thobes-and-clothes-of-Arabs""","""shukrclothing.com"":""https://shukrclothing.com/collections/thobes""
""mylittlejubba.com"":""https://mylittlejubba.com/en-us""
""al-aniq.com"":""https://al-aniq.com/""
""alqamees.com"":""https://alqamees.com/""
""mens-thobes.com"":""https://www.mens-thobes.com/""
""houseofthobes.co.uk"":""https://houseofthobes.co.uk/""
""amazon.com"":""https://www.amazon.com/thobe/s?k=thobe""
""reddit.com"":""https://www.reddit.com/r/MuslimLounge/comments/1bpskcb/is_etsy_a_good_place_to_buy_mens_thobes_in_the_us/""
""muslimah-collection.com"":""https://www.muslimah-collection.com/collections/thobe""
""reddit.com"":""https://www.reddit.com/r/MuslimLounge/comments/10ai9nz/where_to_buy_thobes_from_us/"""
us,kurta,hijab styles,,,,,14800,30,1.33,0.93,111000000,Commercial,"Related Searches, Site Links, Video, Image, Popular Products","0.44,0.44,0.44,0.67,0.54,0.36,0.44,0.36,0.54,0.44,0.44,0.44",20,,"""en.wikipedia.org"":""https://en.wikipedia.org/wiki/Kurta""
""manyavar.com"":""https://www.manyavar.com/en-us/men/kurta""
""trendia.co"":""https://trendia.co/collections/women-kurta-sets""
""amazon.com"":""https://www.amazon.com/stores/SKAVIJ/page/A65F07D0-F91E-4895-8303-11EF7B822CD2""
""kalkifashion.com"":""https://www.kalkifashion.com/ethnic/men-kurtas.html""
""myntra.com"":""https://www.myntra.com/kurtas""
""fabindia.com"":""https://www.fabindia.com/clothing/men-kurtas""
""houseofindya.com"":""https://www.houseofindya.com/kurta-sets/cat""
""westside.com"":""https://www.westside.com/collections/kurtas-for-women""
""g3fashion.com"":""https://g3fashion.com/en-us/mens/kurta-pajama"""
us,butterfly abaya,hijab styles,,,,,6600,16,0.41,1.00,3220000,Commercial,"Popular Products, Related Searches, Image Pack, Video, Image","0.13,0.05,0.10,0.03,0.08,0.07,0.07,0.44,1.00,0.29,0.24,0.10",75,,"""veiled.com"":""https://veiled.com/products/nayla-silk-butterfly-abaya-pearl""
""glowmodesty.com"":""https://glowmodesty.com/collections/butterfly-abayas-glowy""
""amazon.com"":""https://www.amazon.com/Muslim-Addict-Polyester-Butterfly-Abaya/dp/B0C3D4R866""
""hawaaclothing.com"":""https://www.hawaaclothing.com/collections/butterfly-abaya""
""mariam-col.com"":""https://mariam-col.com/collections/butterfly-abaya""
""instagram.com"":""https://www.instagram.com/salialdigs/reel/DG1VPDqy2lR/""
""pinterest.com"":""https://www.pinterest.com/alshamsapparel/butterfly-abayas/""
""tiktok.com"":""https://www.tiktok.com/@dr.reemabassoumi/video/7472859098342493483""
""sunnahstyle.com"":""https://sunnahstyle.com/10-bisht-butterfly""
""voileeny.com"":""https://voileeny.com/products/delisa-butterfly-satin-abaya-beige"""
us,modal hijab,hijab styles,,,,,2400,11,0.69,1.00,22600000,Commercial,"AI Overview, Image Pack, Video, Image, Popular Products, Related Searches","0.19,0.19,0.15,0.19,0.29,0.19,0.15,0.13,0.19,0.19,0.13,0.29",75,,"""veiled.com"":""https://veiled.com/collections/modal-hijabs""
""velascarves.com"":""https://velascarves.com/collections/solids""
""zahraathelabel.com"":""https://www.zahraathelabel.com/collections/modal-hijab-sets-collection""
""hawaaclothing.com"":""https://www.hawaaclothing.com/products/modal-hijab""
""shopfares.com"":""https://shopfares.com/products/matching-butter-modal-hijab-set-denim""
""twinveil.com"":""https://twinveil.com/products/premium-modal-set-mink""
""culturehijab.com"":""https://culturehijab.com/collections/modal""
""modestessential.us"":""https://modestessential.us/collections/modal-hijabs/products/beige-modal-hijab""
""modelle.com.au"":""https://modelle.com.au/collections/modal-hijabs""
""amazon.com"":""https://www.amazon.com/VOILE-CHIC-Breathable-Modal-Hijab/dp/B0D33S95LB"""
us,hijab swimming costume,hijab styles,,,,,880,16,0.54,1.00,2110000,Commercial,"Image, People Also Ask, Popular Products, Related Searches, Discussions And Forums, Image Pack, Video","0.68,0.52,0.25,0.20,0.11,0.31,0.00,0.37,0.68,0.84,0.25,0.11",90,,"""lanuuk.com"":""https://www.lanuuk.com/""
""amazon.com"":""https://www.amazon.com/burkini/s?k=burkini""
""us.aabcollection.com"":""https://us.aabcollection.com/collections/modest-swimwear""
""us.lyramodest.com"":""https://us.lyramodest.com/collections/swim-caps""
""mymodefa.com"":""https://www.mymodefa.com/collections/modest-swimsuits""
""amazon.com"":""https://www.amazon.com/stores/YONGSEN/page/32544620-3512-4181-BB75-C7196D8D26D6""
""dignitii.com"":""https://www.dignitii.com/collections/modest-swimwear""
""walmart.com"":""https://www.walmart.com/c/kp/muslim-swimwear""
""pinterest.com"":""https://www.pinterest.com/abdullamp/islamic-swimwear/""
""burkiniremsa.com"":""https://www.burkiniremsa.com/product-category/muslim-swimwear/"""
us,keffiyeh abaya,hijab styles,,,,,880,0,0.00,1.00,91,"Informational, Transactional","Related Searches, Image Pack, Site Links, Video, Image, Popular Products","0.80,0.24,0.52,1.00,0.02,0.03,0.03,0.03,0.08,0.03,0.05,0.03",,,"""mariam-col.com"":""https://mariam-col.com/products/moa040-embroidery-tassels-keffiyeh-abaya""
""modestessential.us"":""https://modestessential.us/products/kefiyyeh-abaya-white""
""etsy.com"":""https://www.etsy.com/market/keffiyeh_abaya""
""ebay.com"":""https://www.ebay.com/itm/355961280562""
""modestessential.us"":""https://modestessential.us/products/copy-of-kefiyyeh-inspired-abaya-white-brown-embroidery""
""sarahsbag.com"":""https://sarahsbag.com/collections/salam-apparel/products/glow-bronze-keffiyeh-abaya""
""tiktok.com"":""https://www.tiktok.com/discover/keffiyeh-abaya?lang=en""
""inayacollections.com"":""https://inayacollections.com/products/fashion-embroidery-kimono-oversized-muslim-robe-abaya-syari-female-full-length-taseel-muslim-abaya-worship-service-abayas-wy1969""
""fajrnoor.com"":""https://fajrnoor.com/products/palestinian-embroidered-abaya-white""
""amazon.com"":""https://www.amazon.com/Syeeds-Boutique-Palestine-Keffiyeh-Palestinian/dp/B0D9B2FJF5"""
us,khimar hijab,hijab styles,,,,,720,8,0.48,0.98,3750000,Commercial,"Related Searches, Image Pack, Video, Image, People Also Ask, Popular Products","0.37,0.37,1.00,0.68,0.25,0.31,0.31,0.25,0.46,0.25,0.25,0.25",75,,"""amazon.com"":""https://www.amazon.com/khimar/s?k=khimar""
""muslimah-collection.com"":""https://www.muslimah-collection.com/collections/khimar""
""abayabuth.com"":""https://abayabuth.com/en-us/collections/khimar-1""
""store-nabira.com"":""https://www.store-nabira.com/312-khimar""
""pinterest.com"":""https://www.pinterest.com/fatima02dina/khimar/""
""muslimlane.com"":""https://muslimlane.com/collections/khimar-and-jilbab""
""etsy.com"":""https://www.etsy.com/market/khimar""
""reddit.com"":""https://www.reddit.com/r/Hijabis/comments/1do3yac/hijab_khimar_origins/""
""bashariya.com"":""https://bashariya.com/accessories-for-women/hijabs/islamic-hijabs/khimars.html""
""ina-collection.co.uk"":""https://www.ina-collection.co.uk/product-category/khimar/"""
us,keffiyeh hijab,hijab styles,,,,,260,0,0.59,0.98,88,Transactional,"Image Pack, Video, Image, Popular Products, Related Searches","0.13,0.07,0.07,0.11,0.05,0.07,0.05,0.16,0.20,0.11,0.13,0.07",,,"""velascarves.com"":""https://velascarves.com/products/kuffiyeh-black""
""veiled.com"":""https://veiled.com/products/keffiyeh-modal-hijab-sumac-red""
""westbankapparel.com"":""https://westbankapparel.com/products/kuffiyeh-scarf""
""amazon.com"":""https://www.amazon.com/ODIZLI-Keffiyeh-Chiffon-Printed-Palestine/dp/B0D1VGKBL3""
""lumosmodesty.com"":""https://www.lumosmodesty.com/products/vela-keffiyeh-hijab""
""projectpalestine.co"":""https://projectpalestine.co/products/original-keffiyeh-scarf-hijab""
""libaazthelabel.ca"":""https://www.libaazthelabel.ca/products/walnut-keffiyeh-hijab""
""themuslimcloset.com"":""https://themuslimcloset.com/products/keffiyeh-hijab""
""etsy.com"":""https://www.etsy.com/market/keffiyeh_hijab""
""inayacollections.com"":""https://inayacollections.com/products/2024-new-printed-chiffon-headscarf-middle-east-dubai-turkiye-headband-muslim-women-hijab-islam-fashion-scarf-female-long-turban"""
us,jersey hijab,,,,,,2400,6,0.55,1.00,21100000,"Informational, Transactional","Image Pack, Video, Image, Popular Products, Related Searches","0.66,0.80,0.80,0.66,0.66,0.66,0.52,0.66,0.66,0.44,0.36,0.36",75,,"""hautehijab.com"":""https://www.hautehijab.com/collections/jersey-hijabs""
""voilechic.com"":""https://voilechic.com/collections/jersey-hijabs""
""velascarves.com"":""https://velascarves.com/collections/jersey-modal""
""shamswear.com"":""https://www.shamswear.com/collections/jersey-hijabs""
""veiled.com"":""https://veiled.com/collections/bamboo-jersey-hijabs""
""amazon.com"":""https://www.amazon.com/NOOR-Premium-Jersey-Hijab-Set/dp/B0DJ79HSGQ""
""zahraathelabel.com"":""https://www.zahraathelabel.com/collections/hijab-fabric-jersey""
""culturehijab.com"":""https://culturehijab.com/collections/jersey""
""bymerrachi.com"":""https://bymerrachi.com/collections/premium-jersey""
""aabcollection.com"":""https://aabcollection.com/collections/jersey-hijabs"""
us,printed hijab,,,,,,720,4,0.57,1.00,73600000,Commercial,"Popular Products, Related Searches, Image Pack, Video, Image, FAQ","0.24,0.16,0.62,0.62,0.81,0.55,0.24,0.36,1.00,0.36,0.16,0.30",75,,"""hautehijab.com"":""https://www.hautehijab.com/collections/chiffon-prints""
""culturehijab.com"":""https://culturehijab.com/collections/printed""
""veiled.com"":""https://veiled.com/collections/printed-modals""
""modishhijab.com"":""https://www.modishhijab.com/collections/all-printed-chiffon-hijabs""
""modern-abayati.com"":""https://modern-abayati.com/collections/printed-floral-chiffon""
""amazon.com"":""https://www.amazon.com/Printed-Hijab/s?k=Printed+Hijab""
""hijabhouse.com.au"":""https://www.hijabhouse.com.au/hijabs/prints/""
""youremma.com"":""https://youremma.com/product-category/scarves/chiffons/chiffon-prints/""
""cloakcouture.com"":""https://cloakcouture.com/product-category/printed/""
""azelefa.com"":""https://azelefa.com/"""
us,hijab caps,,,,,,720,4,0.45,1.00,12900000,Commercial,"Image, Popular Products, Related Searches, Image Pack, Site Links, Video","0.13,0.68,0.25,0.25,0.13,0.16,0.37,0.31,0.68,0.46,0.31,0.11",20,,"""veiled.com"":""https://veiled.com/collections/under-caps""
""hautehijab.com"":""https://www.hautehijab.com/collections/underscarves""
""amazon.com"":""https://www.amazon.com/Hijab-Underscarf/s?k=Hijab+Underscarf""
""walmart.com"":""https://www.walmart.com/c/kp/hijab-underscarf""
""abayabuth.com"":""https://abayabuth.com/en-us/collections/hijab-caps""
""m.modanisa.com"":""https://m.modanisa.com/en/bonnet.htm""
""nouralhouda.com.au"":""https://nouralhouda.com.au/collections/women-hijab-caps""
""cloakcouture.com"":""https://cloakcouture.com/product-category/hijab-caps/""
""reddit.com"":""https://www.reddit.com/r/Hijabis/comments/1b8fg69/new_hijabi_undercap_makes_me_look_weird_plz_help/""
""foulard.store"":""https://foulard.store/hijab-caps/"""
us,silk hijab,,,,,,480,7,0.56,1.00,28700000,Commercial,"Related Searches, Image Pack, Video, Image, Popular Products","0.66,0.44,0.54,0.54,1.00,1.00,0.81,0.66,0.81,0.44,0.66,0.66",75,,"""hautehijab.com"":""https://www.hautehijab.com/collections/satin-hijabs""
""us.aabcollection.com"":""https://us.aabcollection.com/collections/chiffon-silk-hijabs""
""culturehijab.com"":""https://culturehijab.com/collections/satin""
""veiled.com"":""https://veiled.com/collections/satin-hijabs""
""velascarves.com"":""https://velascarves.com/collections/silk-chiffon-1""
""amazon.com"":""https://www.amazon.com/Silk-Hijab/s?k=Silk+Hijab""
""m.modanisa.com"":""https://m.modanisa.com/en/100-silk-scarf.htm""
""etsy.com"":""https://www.etsy.com/market/silk_hijab""
""hijabplanet.com"":""https://www.hijabplanet.com/""
""pinterest.com"":""https://www.pinterest.com/knottysilkscarf/silk-hijabs/"""
us,linen abaya,,,,,,1000,3,0.41,1.00,5470000,Transactional,"Video, Image, Popular Products, Related Searches, Image Pack","0.79,0.41,0.30,0.20,0.30,0.24,0.30,0.41,0.66,0.41,0.54,0.41",75,,"""veiled.com"":""https://veiled.com/collections/linen-dresses-abayas""
""muslimah-collection.com"":""https://www.muslimah-collection.com/collections/luxury-linen-abaya""
""amazon.com"":""https://www.amazon.com/linen-abaya/s?k=linen+abaya""
""abayabuth.com"":""https://abayabuth.com/en-us/collections/linen-abayas""
""instagram.com"":""https://www.instagram.com/white.linen.abaya/?hl=en""
""fajrnoor.com"":""https://fajrnoor.com/collections/linen-abayas""
""reddit.com"":""https://www.reddit.com/r/SistersInSunnah/comments/1cv8ag9/any_good_quality_linen_abayas/""
""etsy.com"":""https://www.etsy.com/market/linen_abaya""
""pinterest.com"":""https://www.pinterest.com/lailaf83/linen-abaya/""
""shantima.com"":""https://www.shantima.com/shop/long-linen-abaya-ursa/"""
us,black long sleeve dress,,,,,,12100,27,0.57,1.00,451000000,"Informational, Transactional","Related Searches, Explore Brands, Image Pack, Video, Image, People Also Ask, Popular Products","0.13,0.20,0.29,0.54,0.54,0.54,0.54,0.29,0.20,0.16,0.13,0.08",90,,"""lulus.com"":""https://www.lulus.com/categories/1426_8821/black-long-sleeve-dresses.html""
""nordstrom.com"":""https://www.nordstrom.com/browse/women/clothing/dresses/little-black-dresses?filterBySleeveLength=long-sleeve""
""www2.hm.com"":""https://www2.hm.com/en_us/women/products/dresses/long-sleeve.html?colorWithNames=black_000000""
""us.ohpolly.com"":""https://us.ohpolly.com/collections/dresses-long-sleeve-dresses""
""express.com"":""https://www.express.com/womens-clothing/dresses/long-sleeve-dresses/cat3960001/filter/v_color_uFilter:Black""
""asos.com"":""https://www.asos.com/us/women/dresses/long-sleeve-dresses/refine/black/cat/?cid=51087&refine=base_colour:4""
""hellomolly.com"":""https://www.hellomolly.com/collections/long-sleeve-dress/color_black""
""prettylittlething.us"":""https://www.prettylittlething.us/shop/long-black-dresses""
""reddit.com"":""https://www.reddit.com/r/AusFemaleFashion/comments/1fqzzix/long_sleeve_mini_or_knee_length_black_dress/""
""clubllondon.us"":""https://clubllondon.us/collections/black-dresses"""
us,hijab,,,,,,74000,48,0.62,0.83,589000000,"Informational, Transactional","Instant Answer, Knowledge Panel, Site Links, Video, Popular Products, Related Searches","0.54,0.54,0.54,0.36,0.54,0.54,0.44,0.67,0.54,0.54,0.67,0.44",20,,"""en.wikipedia.org"":""https://en.wikipedia.org/wiki/Hijab""
""hautehijab.com"":""https://www.hautehijab.com/""
""veiled.com"":""https://veiled.com/collections/all-hijabs""
""britannica.com"":""https://www.britannica.com/topic/hijab""
""merriam-webster.com"":""https://www.merriam-webster.com/dictionary/hijab""
""hawaaclothing.com"":""https://www.hawaaclothing.com/collections/hijabs""
""en.wikipedia.org"":""https://en.wikipedia.org/wiki/Types_of_hijab""
""ncmideast.org"":""https://ncmideast.org/wp-content/uploads/sites/1065/2011/07/Additional-Information-on-Veiling.pdf""
""nike.com"":""https://www.nike.com/t/pro-hijab-s2h3Mg""
""lalahijabs.com"":""https://lalahijabs.com/"""
us,satin dress,,,,,,22200,29,0.62,1.00,55400000,"Informational, Transactional","Image, Popular Products, Related Searches, Discussions And Forums, Image Pack, Video, Shopping Ads, People Also Ask, Explore Brands","0.36,0.24,0.30,0.30,0.20,0.24,0.24,0.20,0.36,0.30,0.30,0.30",75,,"""meshki.us"":""https://www.meshki.us/collections/satin-dresses""
""lulus.com"":""https://www.lulus.com/categories/13_8321/satin-dresses.html""
""petalandpup.com"":""https://petalandpup.com/collections/satin-dresses""
""selfieleslie.com"":""https://www.selfieleslie.com/collections/satin-dresses""
""nordstrom.com"":""https://www.nordstrom.com/browse/women/clothing/dresses?filterByMaterial=satin""
""us.ohpolly.com"":""https://us.ohpolly.com/collections/dresses-satin-dresses""
""zara.com"":""https://www.zara.com/us/en/woman-dresses-satin-l3082.html""
""amazon.com"":""https://www.amazon.com/satin-dress/s?k=satin+dress""
""hellomolly.com"":""https://www.hellomolly.com/collections/satin-dresses""
""asos.com"":""https://www.asos.com/us/women/dresses/satin-dresses/cat/?cid=50417"""
